{"organizations": [], "uuid": "b6ec9dabdb4292b82ba7debf7627af67c19e9ee9", "thread": {"social": {"gplus": {"shares": 0}, "pinterest": {"shares": 0}, "vk": {"shares": 0}, "linkedin": {"shares": 0}, "facebook": {"likes": 0, "shares": 0, "comments": 0}, "stumbledupon": {"shares": 0}}, "site_full": "www.wsj.com", "main_image": "http://m.wsj.net/video/20180530/053018craigventer/053018craigventer_1280x720.jpg", "site_section": "http://video-api.wsj.com/api-video/find_all_videos.asp?lang=en-us&groupid=4267&format=rss", "section_title": "WSJ Live Video", "url": "http://www.wsj.com/video/series/drawing-the-future/drawing-the-future-of-predictive-medicine-with-geneticist-j-craig-venter/0F2F7787-3DC6-4D18-B336-11EEE3179BEE?mod=rss", "country": "US", "domain_rank": 387, "title": "Drawing the Future of Predictive Medicine With Geneticist J. Craig Venter", "performance_score": 0, "site": "wsj.com", "participants_count": 0, "title_full": "", "spam_score": 0.0, "site_type": "blogs", "published": "2018-05-31T14:00:00.000+03:00", "replies_count": 0, "uuid": "b6ec9dabdb4292b82ba7debf7627af67c19e9ee9"}, "author": "", "url": "http://www.wsj.com/video/series/drawing-the-future/drawing-the-future-of-predictive-medicine-with-geneticist-j-craig-venter/0F2F7787-3DC6-4D18-B336-11EEE3179BEE?mod=rss", "ord_in_thread": 0, "title": "Drawing the Future of Predictive Medicine With Geneticist J. Craig Venter", "locations": [], "entities": {"persons": [{"name": "j. craig venter", "sentiment": "neutral"}, {"name": "j. craig venter geneticist j. craig venter", "sentiment": "neutral"}, {"name": "esther perel", "sentiment": "none"}, {"name": "baratunde thurston", "sentiment": "none"}, {"name": "bobbi brown", "sentiment": "none"}, {"name": "michael rubin", "sentiment": "none"}], "locations": [], "organizations": []}, "highlightText": "", "language": "english", "persons": [], "text": " Geneticist J. Craig Venter sketches out how to use genomics to detect and prevent diseases Staff May 31, 2018 11:00 am The future of medicine will be predictive not reactive, says geneticist J. Craig Venter. He sketches out how genomics could help cure and prevent disease. Ep.1 Drawing the Future of Masculinity With Esther Perel and Baratunde Thurston Ep.6", "external_links": [], "published": "2018-05-31T14:00:00.000+03:00", "crawled": "2018-05-31T15:58:20.031+03:00", "highlightTitle": ""}