{"organizations": [], "uuid": "55a8723461b864a782b7c421588f47d072c58aab", "thread": {"social": {"gplus": {"shares": 0}, "pinterest": {"shares": 0}, "vk": {"shares": 0}, "linkedin": {"shares": 0}, "facebook": {"likes": 0, "shares": 0, "comments": 0}, "stumbledupon": {"shares": 0}}, "site_full": "www.cnbc.com", "main_image": "", "site_section": "http://richinwriters.com/feed", "section_title": "RichInWriters.com", "url": "https://www.cnbc.com/2018/03/09/trump-will-not-meet-kim-without-seeing-concrete-steps-white-house.html", "country": "US", "domain_rank": 767, "title": "Trump will not meet Kim without seeing ‘concrete’ steps: White House", "performance_score": 0, "site": "cnbc.com", "participants_count": 1, "title_full": "", "spam_score": 0.0, "site_type": "blogs", "published": "2018-03-09T21:53:00.000+02:00", "replies_count": 0, "uuid": "55a8723461b864a782b7c421588f47d072c58aab"}, "author": "anonymous Hipster", "url": "https://www.cnbc.com/2018/03/09/trump-will-not-meet-kim-without-seeing-concrete-steps-white-house.html", "ord_in_thread": 0, "title": "Trump will not meet Kim without seeing ‘concrete’ steps: White House", "locations": [], "entities": {"persons": [{"name": "trump", "sentiment": "negative"}, {"name": "donald trump", "sentiment": "negative"}, {"name": "kim jong", "sentiment": "negative"}, {"name": "kim", "sentiment": "negative"}, {"name": "sarah sanders", "sentiment": "none"}], "locations": [{"name": "white house tweet  u.s.", "sentiment": "none"}, {"name": "pyongyang", "sentiment": "none"}, {"name": "north korea", "sentiment": "none"}], "organizations": [{"name": "white house", "sentiment": "none"}]}, "highlightText": "", "language": "english", "persons": [], "text": "U.S. President Donald Trump will not meet with North Korean leader Kim Jong Un unless he sees some \"concrete\" action by Pyongyang, the White House said on Friday.\n\"The president will not have the meeting without seeing concrete steps and concrete actions take place by North Korea, so the president will actually be getting something,\" White House spokeswoman Sarah Sanders said at a news briefing.", "external_links": [], "published": "2018-03-09T21:53:00.000+02:00", "crawled": "2018-03-09T22:29:05.006+02:00", "highlightTitle": ""}