{"organizations": [], "uuid": "84a0647daf86251ebc81930dc706ad5f790c5fcf", "thread": {"social": {"gplus": {"shares": 0}, "pinterest": {"shares": 0}, "vk": {"shares": 0}, "linkedin": {"shares": 0}, "facebook": {"likes": 0, "shares": 0, "comments": 0}, "stumbledupon": {"shares": 0}}, "site_full": "www.cnbc.com", "main_image": "https://fm.cnbc.com/applications/cnbc.com/resources/img/editorial/2018/05/01/105175233-3ED2-FN-050118-Seg03.600x400.jpg", "site_section": "http://www.cnbc.com/id/10001135/device/rss/rss.html", "section_title": "Stock Picks", "url": "https://www.cnbc.com/video/2018/05/01/how-one-trader-is-playing-the-nasdaq-ahead-of-apple-earnings.html", "country": "US", "domain_rank": 767, "title": "How one trader is playing the Nasdaq ahead of Apple earnings", "performance_score": 0, "site": "cnbc.com", "participants_count": 0, "title_full": "", "spam_score": 0.0, "site_type": "blogs", "published": "2018-05-01T11:00:00.000+03:00", "replies_count": 0, "uuid": "84a0647daf86251ebc81930dc706ad5f790c5fcf"}, "author": "", "url": "https://www.cnbc.com/video/2018/05/01/how-one-trader-is-playing-the-nasdaq-ahead-of-apple-earnings.html", "ord_in_thread": 0, "title": "How one trader is playing the Nasdaq ahead of Apple earnings", "locations": [], "entities": {"persons": [{"name": "jackie deangelis", "sentiment": "none"}], "locations": [], "organizations": [{"name": "apple", "sentiment": "neutral"}, {"name": "cnbc", "sentiment": "none"}]}, "highlightText": "", "language": "english", "persons": [], "text": "How one trader is playing the Nasdaq ahead of Apple earnings 13 Hours Ago Apple reports after the bell. Trading Nasdaq futures now, with CNBC's Jackie DeAngelis and the Futures Now traders.", "external_links": [], "published": "2018-05-01T11:00:00.000+03:00", "crawled": "2018-05-02T00:48:21.052+03:00", "highlightTitle": ""}