{"organizations": [], "uuid": "55fe7c4bbe6f07a8a0d21562bb32a434e599f890", "thread": {"social": {"gplus": {"shares": 0}, "pinterest": {"shares": 0}, "vk": {"shares": 0}, "linkedin": {"shares": 0}, "facebook": {"likes": 0, "shares": 0, "comments": 0}, "stumbledupon": {"shares": 0}}, "site_full": "blogs.wsj.com", "main_image": "", "site_section": "http://blogs.wsj.com/moneybeat/feed/", "section_title": "MoneyBeat", "url": "https://blogs.wsj.com/moneybeat/2018/05/23/energy-journal-keep-your-eye-on-venezuelas-oil/", "country": "US", "domain_rank": 387, "title": "Keep Your Eye on Venezuela’s Oil—Energy Journal", "performance_score": 0, "site": "wsj.com", "participants_count": 1, "title_full": "", "spam_score": 0.0, "site_type": "blogs", "published": "2018-05-23T15:20:00.000+03:00", "replies_count": 0, "uuid": "55fe7c4bbe6f07a8a0d21562bb32a434e599f890"}, "author": "Neanda Salvaterra", "url": "https://blogs.wsj.com/moneybeat/2018/05/23/energy-journal-keep-your-eye-on-venezuelas-oil/", "ord_in_thread": 0, "title": "Keep Your Eye on Venezuela’s Oil—Energy Journal", "locations": [], "entities": {"persons": [{"name": "bond selloff", "sentiment": "none"}], "locations": [{"name": "venezuela", "sentiment": "none"}, {"name": "u.s.", "sentiment": "none"}, {"name": "iran", "sentiment": "none"}, {"name": "iran", "sentiment": "none"}, {"name": "venezuela", "sentiment": "none"}, {"name": "washington", "sentiment": "none"}], "organizations": [{"name": "energy journal", "sentiment": "negative"}, {"name": "wall street journal", "sentiment": "negative"}, {"name": "preppy remix next fed", "sentiment": "none"}, {"name": "amazon", "sentiment": "none"}]}, "highlightText": "", "language": "english", "persons": [], "text": "A daily digest of The Wall Street Journal’s coverage of energy companies, commodity markets and the forces that shape them. Send us tips, suggestions and complaints: EnergyJournal@wsj.com WHY VENEZUELA SANCTIONS ARE EVEN MORE BULLISH FOR OIL THAN IRAN SANCTIONS Looming U.S. sanctions on Iran misdirected the world’s attention from Washington’s measures against Venezuela, as the sanctions against the WSJ Wealth Adviser Briefing: Amazon, Rising Dollar, Preppy Remix Next Fed Minutes Might Not Stop the Bond Selloff", "external_links": [], "published": "2018-05-23T15:20:00.000+03:00", "crawled": "2018-05-23T16:20:46.011+03:00", "highlightTitle": ""}