{"organizations": [], "uuid": "99c48c008e7d6507165f7c6743a5c033489ba755", "thread": {"social": {"gplus": {"shares": 0}, "pinterest": {"shares": 0}, "vk": {"shares": 0}, "linkedin": {"shares": 0}, "facebook": {"likes": 0, "shares": 0, "comments": 0}, "stumbledupon": {"shares": 0}}, "site_full": "www.cnbc.com", "main_image": "https://fm.cnbc.com/applications/cnbc.com/resources/img/editorial/2018/02/02/104985061-GettyImages-869792138.1910x1000.jpg", "site_section": "http://www.cnbc.com/id/19746125/device/rss/rss.xml", "section_title": "Top News and Analysis (pro)", "url": "https://www.cnbc.com/2018/05/01/apple-q2-iphone-sales.html", "country": "US", "domain_rank": 767, "title": "Apple sold 52.2 million iPhones during the quarter", "performance_score": 0, "site": "cnbc.com", "participants_count": 0, "title_full": "", "spam_score": 0.0, "site_type": "blogs", "published": "2018-05-01T23:32:00.000+03:00", "replies_count": 0, "uuid": "99c48c008e7d6507165f7c6743a5c033489ba755"}, "author": "", "url": "https://www.cnbc.com/2018/05/01/apple-q2-iphone-sales.html", "ord_in_thread": 0, "title": "Apple sold 52.2 million iPhones during the quarter", "locations": [], "entities": {"persons": [{"name": "daniel acker", "sentiment": "negative"}], "locations": [{"name": "chicago", "sentiment": "none"}], "organizations": [{"name": "apple", "sentiment": "negative"}, {"name": "bloomberg", "sentiment": "negative"}, {"name": "factset", "sentiment": "none"}]}, "highlightText": "", "language": "english", "persons": [], "text": "Apple sold 52.2 million iPhones in the quarter ended March 2018, up slightly from 51 million in the year-ago quarter.\nThat follows a year-over-year dip in phone sales during the first quarter of its fiscal year, when Apple sold just 77.3 million . The company reported the stat in its second quarter earnings report Tuesday.\nAnalysts were expecting 53 million phone sales for the March quarter in the wake of reports of weak iPhone X demand, according to FactSet consensus estimates.\nApple announced its most expensive handset to date in September and struggled to meet initial orders. The company has faced supplier-driven reports of lower market demand in the months since.\nSales of other major devices fell right in line with expectations.\nThe company shipped 9.1 million iPads, compared with 9.17 million expected, and shipped 4.1 million Macs compared with 4.14 million expected.", "external_links": [], "published": "2018-05-01T23:32:00.000+03:00", "crawled": "2018-05-01T23:42:56.012+03:00", "highlightTitle": ""}