{"organizations": [], "uuid": "9eb136f72d5f8c17a094601aad9aed14bd8cfa05", "thread": {"social": {"gplus": {"shares": 0}, "pinterest": {"shares": 0}, "vk": {"shares": 0}, "linkedin": {"shares": 0}, "facebook": {"likes": 0, "shares": 0, "comments": 0}, "stumbledupon": {"shares": 0}}, "site_full": "www.cnbc.com", "main_image": "https://fm.cnbc.com/applications/cnbc.com/resources/img/editorial/2018/04/18/105140607-GettyImages-945356662.1910x1000.jpg", "site_section": "http://www.cnbc.com/id/19746125/device/rss/rss.xml", "section_title": "Top News and Analysis (pro)", "url": "https://www.cnbc.com/2018/04/30/us-wants-4-year-phase-in-for-higher-nafta-auto-content-thresholds.html", "country": "US", "domain_rank": 767, "title": "US wants 4-year phase-in for higher NAFTA auto content thresholds", "performance_score": 0, "site": "cnbc.com", "participants_count": 0, "title_full": "", "spam_score": 0.0, "site_type": "blogs", "published": "2018-04-30T23:49:00.000+03:00", "replies_count": 0, "uuid": "9eb136f72d5f8c17a094601aad9aed14bd8cfa05"}, "author": "", "url": "https://www.cnbc.com/2018/04/30/us-wants-4-year-phase-in-for-higher-nafta-auto-content-thresholds.html", "ord_in_thread": 0, "title": "US wants 4-year phase-in for higher NAFTA auto content thresholds", "locations": [], "entities": {"persons": [{"name": "donald trump", "sentiment": "none"}, {"name": "robert lighthizer", "sentiment": "none"}], "locations": [{"name": "u.s.", "sentiment": "none"}, {"name": "us", "sentiment": "none"}, {"name": "washington", "sentiment": "none"}, {"name": "dc", "sentiment": "none"}], "organizations": [{"name": "nafta", "sentiment": "negative"}, {"name": "congress", "sentiment": "none"}, {"name": "white house", "sentiment": "none"}, {"name": "ustr", "sentiment": "none"}, {"name": "mins ago reuters getty images u.s. trade", "sentiment": "none"}, {"name": "reuters", "sentiment": "none"}]}, "highlightText": "", "language": "english", "persons": [], "text": "The latest U.S. proposal for updating NAFTA's automotive rules would carry a four-year phase-in to meet a higher, 75 percent regional value threshold as well as new labor content rules requiring substantial work at hourly wages of at least $16.\nA summary of the proposal, seen by Reuters and circulating among auto industry officials based on descriptions from Canadian and Mexican trade negotiators, would require the $16 wage on work comprising 40 percent of the value of light-duty passenger vehicles and 45 percent for pickup trucks.\nThe wage demand, pushed by U.S. Trade Representative Robert Lighthizer during intensive talks in Washington last week on modernizing the North American Free Tree Agreement, are aimed at preserving U.S. and Canadian auto production and putting upward pressure on Mexico's low auto wages.\nThe Center for Automotive Research has estimated that Mexican auto assembly workers average under $6 an hour, with workers in parts plants averaging less than $3 an hour.\nThe U.S. proposal calls for overall regional value content to rise to 75 percent from the current 62.5 percent, but significantly lower than USTR's initial 85 percent demand.\nAutomakers would get a four-year phase-in rate for light passenger vehicles, but only two years for pickup trucks, which are a key high-value product segment that USTR views as important for U.S. production.\nWATCH: Auto industry group on NAFTA implications show chapters Auto industry research group on NAFTA implications 12:32 PM ET Thu, 26 April 2018 | 01:13", "external_links": [], "published": "2018-04-30T23:49:00.000+03:00", "crawled": "2018-05-01T00:05:50.003+03:00", "highlightTitle": ""}