{"organizations": [], "uuid": "78ecee45524b9703f739276105eaa7e185ac3a60", "thread": {"social": {"gplus": {"shares": 0}, "pinterest": {"shares": 0}, "vk": {"shares": 0}, "linkedin": {"shares": 0}, "facebook": {"likes": 0, "shares": 0, "comments": 0}, "stumbledupon": {"shares": 0}}, "site_full": "www.reuters.com", "main_image": "https://s2.reutersmedia.net/resources/r/?m=02&d=20180502&t=2&i=1257675615&w=1200&r=LYNXMPEE410TI", "site_section": "https://dede-indra.blogspot.com/feeds/posts/default", "section_title": "Reuters: Top News", "url": "https://www.reuters.com/article/us-usa-election-solar/clean-energy-sector-swings-republican-with-u-s-campaign-donations-idUSKBN1I31DZ", "country": "US", "domain_rank": 408, "title": "Clean energy sector swings Republican with U.S. campaign donations", "performance_score": 0, "site": "reuters.com", "participants_count": 0, "title_full": "", "spam_score": 0.0, "site_type": "blogs", "published": "2018-05-02T14:08:00.000+03:00", "replies_count": 0, "uuid": "78ecee45524b9703f739276105eaa7e185ac3a60"}, "author": "", "url": "https://www.reuters.com/article/us-usa-election-solar/clean-energy-sector-swings-republican-with-u-s-campaign-donations-idUSKBN1I31DZ", "ord_in_thread": 0, "title": "Clean energy sector swings Republican with U.S. campaign donations", "locations": [], "entities": {"persons": [{"name": "nichola groom", "sentiment": "none"}], "locations": [{"name": "u.s.", "sentiment": "none"}, {"name": "victorville", "sentiment": "none"}, {"name": "california", "sentiment": "none"}], "organizations": [{"name": "congress", "sentiment": "none"}, {"name": "gop", "sentiment": "none"}, {"name": "reuters", "sentiment": "none"}]}, "highlightText": "", "language": "english", "persons": [], "text": "May 2, 2018 / 11:03 AM / Updated 4 hours ago Clean energy sector swings Republican with U.S. campaign donations Nichola Groom 9 Min Read\n(Reuters) - U.S. solar and wind energy companies have donated far more money to Republicans than Democrats in congressional races this election cycle, according to a Reuters analysis of campaign finance data, an unprecedented tilt to the right for an industry long associated with the environmental left. FILE PHOTO - U.S. applauds in front of U.S. Vice President Mike Pence (L) and Speaker of the House U.S. Rep. Paul Ryan (R-WI) during his first State of the Union address to a joint session of Congress inside the House Chamber on Capitol Hill in Washington, U.S., January 30, 2018. REUTERS/Win McNamee/Pool\nWhile the money is modest compared with that donated by fossil fuel interests, the support provides GOP candidates with added credibility on clean energy, an issue polling shows swing voters care about.\nRenewable energy has typically depended on government subsidies and policies to help fuel its growth, and the donations come at a time when Republicans control both houses of Congress as well as a majority of state houses across the country. Republicans have so far left subsidies for the industry largely intact. ENERGY & ENVIRONMENT Comprehensive coverage of the global oil and gas markets, policy changes impacting climate and the latest developments in solar and wind power.\n“We support those leaders who share our vision,” said Arthur Haubenstock, vice president of policy and strategy at 8minutenergy Renewables LLC, a California-based solar project developer, and treasurer of a newly formed employee-funded political action committee that shares the company’s name. So far, the PAC has donated only to Republicans.\nOverall, political action committees representing solar and wind companies have donated nearly $400,000 to candidates and PACs in the 2018 election cycle, including $247,000 to Republicans, $139,300 to Democrats, and $7,500 to independents, according to the Reuters analysis.\nThat marks a record. During the 2016 presidential elections, the first cycle during which the clean energy industry gave more to the GOP than to Democrats, Republicans received just over half of the combined $695,470 in political contributions from major wind and solar PACs.\nBefore that, solar and wind companies mainly donated to Democrats, who were broadly seen as more supportive of policies that could help the nascent sector grow. In 2014, 70 percent of the contributions from seven major wind and solar PACs went to Democrats.\nThe U.S. solar and wind industries have expanded greatly over the last decade and now employ some 300,000 workers nationwide, nearly six times more than coal mining. The hottest growth has been in states that voted heavily for in 2016.\nThat has helped strengthen the industry’s appeal to Republican lawmakers, allowing it to rebrand as a jobs engine for the heartland, instead of as a tool for combating global warming, an issue that played better with Democrats.\n“Solar is creating economic activity in so many districts,” said Abigail Ross Hopper, head of the Solar Energy Industries Association (SEIA), whose donations have tilted heavily toward the GOP. Global warming “is certainly not our lead talking point,” she said.\nSEIA has contributed more than twice as much to Republicans as to Democrats this cycle, $56,500 versus $26,700. FILE PHOTO: Solar panels are seen in front of a natural gas power plant at the Tahoe-Reno Industrial Center in McCarran, Nevada, U.S., September 16, 2014. REUTERS/Max Whittaker/File Photo\nPrior to 2016, SEIA’s contributions to Democrats were reliably double what the group gave to Republicans. The American Wind Energy Association’s PAC, too, has shifted its giving. In 2014 it gave Democrats twice as much money as Republicans, while in the current cycle it has given $87,500 to Republicans compared to $67,500 for Democrats.\nSUPPORT FOR CLEAN ENERGY\nPolls have found widespread support for renewable energy among voters, including among Republicans. Most recently, a Gallup poll from early March found 73 percent of adults favor an emphasis on alternatives like wind and solar over traditional fossil fuels. Just over half of Republicans - 51 percent - favored alternatives, compared with 88 percent of Democrats, Gallup said.\nAmong moderate Republicans and voters who lean Republican, there is even wider support for renewable energy. A poll conducted by Pew Research Center in early 2017 found that nearly two-thirds of that group favored alternative energy sources over fossil fuels.\nThe polls also found that attitudes toward clean energy are not necessarily linked to those about climate change. The Gallup poll, for instance, found just 35 percent of Republicans think climate change is caused by human activities, and 69 percent think the seriousness of global warming is exaggerated.\n“Clean energy works every time and it doesn’t alienate the base,” said Jay Faison, Chief Executive of ClearPath, a group that aims to help elect Republicans supporting clean power. Independent-minded voters view support for alternative energy as a signal that a candidate is “not an errand boy for the party leadership,” he added.\nNevada incumbent Senator Dean Heller is among the chief Republican beneficiaries of support from the clean energy industry. His re-election effort has drawn more than $15,000 in backing from solar and wind this election cycle.\nNevada ranks fourth in the nation in solar installations and generates more than 11 percent of its electricity from the sun. One in every 203 people is employed by the solar industry in Nevada, putting it second only to ultra-green California.\nHeller told Reuters he supports clean energy because of the jobs it has brought to his state. Nevada has been able to attract employers like Tesla, he said, in part because its abundant sunshine can produce renewable power for factories and other business operations. FILE PHOTO: Sen. Dean Heller (R-NV) speaks during a ceremony to present the Congressional Gold Medal to Filipino veterans of the Second World War on Capitol Hill in Washington, U.S., October 25, 2017. REUTERS/Aaron P. Bernstein/File Photo\nHe added he doesn’t see a conflict with supporting both solar energy and fossil fuel interests: ”I’m very pro ‘all of the above,’ and I think that’s where the GOP is,” he said.\nOther Republicans receiving solar and wind donations include Kevin Brady of Texas, Carlos Curbelo of Florida, George Holding of North Carolina and Tom Reed of New York, all members of the House Committee on Ways and Means, which is responsible for writing tax policy.\nAll four hail from states with sizeable solar markets, and Curbelo is also co-chair of the Climate Solutions Caucus, a bipartisan group of House lawmakers working on policies to address climate change.\nHouse Majority Leader Kevin McCarthy has received about $13,500 in contributions from the renewable energy PACs, and SEIA held a fundraiser for him in his California district last year. McCarthy’s congressional district, which includes a swath of the Mojave desert, boasts more solar capacity than any other district in the nation, most of it in large-scale projects for utilities.\nROCK-BOTTOM MARKS\nDemocratic and environmental groups downplay the clean energy industry’s shifting financial support, saying companies are simply trying to protect their interests by supporting the party in power.\n“AWEA and SEIA are trade associations representing the financial business interests of their member companies,” said Sara Chieffo, vice president of government affairs at the League of Conservation Voters, which has found itself at odds with solar and wind PACs on many candidates, including Heller.\nThe league gives Heller rock-bottom marks for his environmental voting record and has endorsed his Democratic opponent, Jacky Rosen, in the Nevada senate race.\nMost environmental groups still primarily back Democrats. The League of Conservation Voters, for example, has contributed $1.3 million to Democratic congressional candidates this cycle but has not supported a single Republican. Billionaire Tom Steyer’s NextGen Climate Action Super PAC has spent tens of millions of dollars in recent election cycles on campaigns against Republicans and for Democratic candidates.\nDemocratic National Committee spokeswoman Sabrina Singh questions why solar and wind companies would support Republicans over Democrats.\nRepublicans, she said, “consistently seek to defund efforts to promote clean energy,” while “Democrats at both the federal and state level have been fighting to promote renewable energy.”\nThe Republican National Committee did not respond to a request for comment.\nRenewable energy industry shifts to backing Republicans - tmsnrt.rs/2vGH8zh Grant Smith in New York; Editing by Richard Valdmanis and Sue Horton", "external_links": ["https://tmsnrt.rs/2vGH8zh"], "published": "2018-05-02T14:08:00.000+03:00", "crawled": "2018-05-02T14:21:56.000+03:00", "highlightTitle": ""}