{"organizations": [], "uuid": "e475949a679d3a75a58e2c8d6df97c249b05be1a", "thread": {"social": {"gplus": {"shares": 0}, "pinterest": {"shares": 0}, "vk": {"shares": 0}, "linkedin": {"shares": 0}, "facebook": {"likes": 0, "shares": 0, "comments": 0}, "stumbledupon": {"shares": 0}}, "site_full": "www.cnbc.com", "main_image": "https://fm.cnbc.com/applications/cnbc.com/resources/img/editorial/2014/06/05/101735641-144139321.1910x1000.jpg", "site_section": "http://www.cnbc.com/id/19746125/device/rss/rss.xml", "section_title": "Top News and Analysis (pro)", "url": "https://www.cnbc.com/2018/03/07/us-trade-deficit-jumps-to-more-than-9-year-high.html", "country": "US", "domain_rank": 767, "title": "US trade deficit jumps to more than 9-year high", "performance_score": 0, "site": "cnbc.com", "participants_count": 0, "title_full": "", "spam_score": 0.0, "site_type": "blogs", "published": "2018-03-07T15:48:00.000+02:00", "replies_count": 0, "uuid": "e475949a679d3a75a58e2c8d6df97c249b05be1a"}, "author": "", "url": "https://www.cnbc.com/2018/03/07/us-trade-deficit-jumps-to-more-than-9-year-high.html", "ord_in_thread": 0, "title": "US trade deficit jumps to more than 9-year high", "locations": [], "entities": {"persons": [{"name": "ken james", "sentiment": "none"}, {"name": "donald trump", "sentiment": "none"}, {"name": "trump", "sentiment": "none"}], "locations": [{"name": "us", "sentiment": "none"}, {"name": "u.s.", "sentiment": "none"}, {"name": "china", "sentiment": "none"}, {"name": "calif", "sentiment": "none"}, {"name": "oakland", "sentiment": "none"}, {"name": "port of oakland", "sentiment": "none"}], "organizations": [{"name": "commerce department", "sentiment": "negative"}, {"name": "reuters", "sentiment": "none"}, {"name": "bloomberg | getty images shipping", "sentiment": "none"}]}, "highlightText": "", "language": "english", "persons": [], "text": "The U.S. trade deficit increased to a more than nine-year high in January, with the shortfall with China widening sharply, suggesting that President Donald Trump's \"America First\" trade policies are unlikely to have a material impact on the deficit.\nThe Commerce Department said on Wednesday the trade gap jumped 5.0 percent to $56.6 billion. That was the highest level since October 2008 and followed a slightly upwardly revised $53.9 billion shortfall in December.\nEconomists polled by Reuters had forecast the trade gap widening to $55.1 billion in January from a previously reported $53.1 billion in the prior month. Part of the rise in the trade deficit in January reflected commodity price increases.\nThe politically sensitive trade deficit with China surged 16.7 percent to $36.0 billion, the highest since September 2015. The deficit with Canada was the highest in three years.\nThe trade deficit continues to widen a year into the Trump presidency. Trump, who has claimed that the United States is being taken advantage of by its trading partners, in late January imposed broad tariffs on imported solar panels and large washing machines.\nTrump last week announced he would impose import tariffs of 25 percent on steel and 10 percent on aluminum to protect domestic producers. While these actions may prove politically popular with Trump's working class political base, especially in states hard-hit by factory closures and import competition, analyst warn they could undercut economic growth.\nThe protectionist measures have sparked fears of a trade war and could jeopardize talks on the North American Free Trade Agreement (NAFTA) linking Canada, Mexico and the United States. Trump ordered a renegotiation of the trade pact to offer terms more favorable to Washington.\nTrump's \"America First\" trade policies are part of an attempt to boost annual economic growth to 3 percent on a sustainable basis. The government in January slashed corporate and individual income taxes.\nBut with the economy almost at full employment, the increase in demand spurred by the $1.5 trillion tax package will probably be satisfied with imports, further worsening the trade deficit.\nThe surge in the January trade deficit was flagged by an advanced goods trade deficit report last week. When adjusted for inflation, the trade deficit increased to $69.7 billion from $68.5 billion in December.\nThe so-called real trade deficit is above the fourth-quarter average of $66.8 billion. This suggests trade would subtract from first-quarter gross domestic product unless the deficit shrinks in February and March. Trade sliced 1.13 percentage point from fourth-quarter GDP growth.\nThe economy grew at a 2.5 percent annualized rate during that period.\nIn January, exports fell 1.3 percent to $200.9 billion as shipments of civilian aircraft and crude oil declined. But exports of consumer goods rose to a record high and those of motor vehicles, parts and engines were the highest since July 2014.\nExports to China tumbled 28.1 percent. Imports were unchanged at $257.5 billion in January amid declines in imports of cellphones and civilian aircraft. Crude oil imports increased by $2.2 billion, reflecting higher prices.\nImports from China increased 2.9 percent.", "external_links": [], "published": "2018-03-07T15:48:00.000+02:00", "crawled": "2018-03-07T16:03:56.090+02:00", "highlightTitle": ""}