{"organizations": [], "uuid": "7cd109995ac467331dc3f78d42cd6bad230d365b", "thread": {"social": {"gplus": {"shares": 0}, "pinterest": {"shares": 0}, "vk": {"shares": 0}, "linkedin": {"shares": 0}, "facebook": {"likes": 0, "shares": 0, "comments": 0}, "stumbledupon": {"shares": 0}}, "site_full": "www.cnbc.com", "main_image": "https://fm.cnbc.com/applications/cnbc.com/resources/img/editorial/2018/03/08/105054099-5ED2-RND-DougGordon-030818.600x400.jpg", "site_section": "http://www.cnbc.com/id/10000018/device/rss", "section_title": "China", "url": "https://www.cnbc.com/video/2018/03/08/taken-wholesale-tariffs-are-only-representative-in-nature.html", "country": "US", "domain_rank": 767, "title": "Taken wholesale, tariffs are only 'representative' in nature", "performance_score": 0, "site": "cnbc.com", "participants_count": 0, "title_full": "", "spam_score": 0.0, "site_type": "blogs", "published": "2018-03-09T01:01:00.000+02:00", "replies_count": 0, "uuid": "7cd109995ac467331dc3f78d42cd6bad230d365b"}, "author": "", "url": "https://www.cnbc.com/video/2018/03/08/taken-wholesale-tariffs-are-only-representative-in-nature.html", "ord_in_thread": 0, "title": "Taken wholesale, tariffs are only 'representative' in nature", "locations": [], "entities": {"persons": [{"name": "doug gordon", "sentiment": "none"}], "locations": [], "organizations": [{"name": "russell investments", "sentiment": "none"}]}, "highlightText": "", "language": "english", "persons": [], "text": "Taken wholesale, tariffs are only 'representative' in nature 6:01 PM ET Thu, 8 March 2018 It's the response and counter response which could \"materially impact\" global growth, says Doug Gordon of Russell Investments.", "external_links": [], "published": "2018-03-09T01:01:00.000+02:00", "crawled": "2018-03-10T20:02:38.018+02:00", "highlightTitle": ""}