{"organizations": [], "uuid": "c83feef9717d3ed2fba359c1f84734bdf8a2b115", "thread": {"social": {"gplus": {"shares": 0}, "pinterest": {"shares": 0}, "vk": {"shares": 0}, "linkedin": {"shares": 0}, "facebook": {"likes": 0, "shares": 0, "comments": 0}, "stumbledupon": {"shares": 0}}, "site_full": "www.reuters.com", "main_image": "https://s4.reutersmedia.net/resources_v2/images/rcom-default.png", "site_section": "http://feeds.reuters.com/Reuters/domesticNews\r", "section_title": "Reuters: U.S.", "url": "https://www.reuters.com/article/us-maryland-security-incident/three-shot-near-u-s-national-security-agency-one-person-in-custody-media-idUSKCN1FY1WK", "country": "US", "domain_rank": 408, "title": "Shooting near U.S. National Security Agency, scene secure: media", "performance_score": 0, "site": "reuters.com", "participants_count": 0, "title_full": "", "spam_score": 0.0, "site_type": "news", "published": "2018-02-14T16:12:00.000+02:00", "replies_count": 0, "uuid": "c83feef9717d3ed2fba359c1f84734bdf8a2b115"}, "author": "", "url": "https://www.reuters.com/article/us-maryland-security-incident/three-shot-near-u-s-national-security-agency-one-person-in-custody-media-idUSKCN1FY1WK", "ord_in_thread": 0, "title": "Shooting near U.S. National Security Agency, scene secure: media", "locations": [], "entities": {"persons": [], "locations": [{"name": "u.s.", "sentiment": "none"}, {"name": "baltimore", "sentiment": "none"}, {"name": "fort meade", "sentiment": "none"}, {"name": "washington", "sentiment": "none"}, {"name": "maryland", "sentiment": "none"}, {"name": "washington", "sentiment": "none"}], "organizations": [{"name": "u.s. national security agency", "sentiment": "negative"}, {"name": "federal bureau of investigation", "sentiment": "none"}, {"name": "fort meade", "sentiment": "none"}, {"name": "abc news", "sentiment": "none"}, {"name": "reuters", "sentiment": "none"}, {"name": "u.s. army", "sentiment": "none"}, {"name": "nsa", "sentiment": "none"}]}, "highlightText": "", "language": "english", "persons": [], "text": "FORT MEADE, Md. (Reuters) - A wrong turn may have led three men to drive onto the campus of the U.S. National Security Agency near Washington on Wednesday, sparking a scare that drew gunfire from guards and sent three to the hospital, FBI officials said.\nThe FBI said there was no link to terrorism in the incident.\nThe motorists, who were not identified, drove to a gate of the secretive government agency in Fort Meade, Maryland, shortly before 7 a.m. EST (1200 GMT). Guards fired on the vehicle after it violated NSA security rules, officials said.\nGordon Johnson, the Federal Bureau of Investigation’s special agent in charge for Baltimore, said at a news conference that officials were interviewing the men to determine their motive.\n“That’s our question one: What put these individuals on this compound earlier this morning?” he said.\nJohnson said there was no reason to believe “that there is any nexus to terrorism.”\nFBI Special Agent in Charge Gordon Johnson speaks at a news conference after a shooting outside the National Security Agency (NSA) headquarters in Fort Meade, Maryland, U.S. February 14, 2018. REUTERS/Sait Serkan Gurbuz The vehicle had what appeared to be bullet holes in its windshield and extensive front-end damage after crashing into a concrete traffic barrier, according to video of the scene.\n“It looks like the gunfire was directed onto the vehicle,” Johnson said, declining to say if weapons were found in the car. No one appeared to have been shot, he said.\nSlideshow (7 Images) Two of the people arrested were in the NSA’s custody while the third, the driver of the vehicle, had been taken to a hospital with undisclosed injuries, Johnson said. An NSA police officer and a civilian bystander also suffered injuries that were not life-threatening, he said.\nThe NSA, one of the U.S. government’s main spy agencies, is headquartered at a U.S. Army facility about 30 miles (48 km) northeast of Washington. It is located just off a major Washington-area highway and investigators believe it is possible the three men made a wrong turn.\n“People go down that NSA exit all the time,” FBI spokesman Dave Fitz told reporters. “They just come in, maybe didn’t know ... That’s one of the theories.”\nThe National Security Agency/Central Security Service focuses on using technological tools, including monitoring internet traffic, to spy on adversaries.\nA White House spokeswoman said President Donald Trump had been briefed on the shooting.\nIn March 2015, two people tried to drive through the NSA’s gate. Officers shot at the vehicle when they refused to stop, killing one of the occupants. The people in the vehicle may have taken a wrong turn after partying and taking drugs, according to news reports.\nAdditional reporting by Lisa Lambert, Roberta Rampton and Susan Heavey in Washington and Jonathan Allen and Barbara Goldberg in New York; Writing by Scott Malone; Editing by Chizu Nomiyama and Bill Trott\n ", "external_links": [], "published": "2018-02-14T16:12:00.000+02:00", "crawled": "2018-02-14T16:22:09.008+02:00", "highlightTitle": ""}