{"organizations": [], "uuid": "91b14fc4a8ce216fc658000dc97d0105eada75c1", "thread": {"social": {"gplus": {"shares": 0}, "pinterest": {"shares": 0}, "vk": {"shares": 0}, "linkedin": {"shares": 0}, "facebook": {"likes": 0, "shares": 0, "comments": 0}, "stumbledupon": {"shares": 0}}, "site_full": "www.cnbc.com", "main_image": "", "site_section": "http://www.cnbc.com/id/10000027/page/7", "section_title": "Press Releases - CNBC", "url": "http://www.cnbc.com/2018/02/13/globe-newswire-new-york-mortgage-trust-2017-fourth-quarter-conference-call-scheduled-for-wednesday-february-21-2018.html", "country": "US", "domain_rank": 767, "title": "New York Mortgage Trust 2017 Fourth Conference Call Scheduled for Wednesday, February 21, 2018", "performance_score": 0, "site": "cnbc.com", "participants_count": 1, "title_full": "", "spam_score": 0.0, "site_type": "news", "published": "2018-02-14T00:01:00.000+02:00", "replies_count": 0, "uuid": "91b14fc4a8ce216fc658000dc97d0105eada75c1"}, "author": "cnbc.com", "url": "http://www.cnbc.com/2018/02/13/globe-newswire-new-york-mortgage-trust-2017-fourth-quarter-conference-call-scheduled-for-wednesday-february-21-2018.html", "ord_in_thread": 0, "title": "New York Mortgage Trust 2017 Fourth Conference Call Scheduled for Wednesday, February 21, 2018", "locations": [], "entities": {"persons": [], "locations": [{"name": "new york", "sentiment": "none"}, {"name": "maryland", "sentiment": "none"}], "organizations": [{"name": "new york mortgage trust, inc.", "sentiment": "neutral"}, {"name": "about new york mortgage trust new york mortgage trust, inc.", "sentiment": "none"}, {"name": "company", "sentiment": "none"}, {"name": "new york mortgage trust", "sentiment": "none"}, {"name": "eastern time", "sentiment": "none"}]}, "highlightText": "", "language": "english", "persons": [], "text": "NEW YORK, Feb. 13, 2018 (GLOBE NEWSWIRE) -- New York Mortgage Trust, Inc. (Nasdaq:NYMT) (the “Company”) is scheduled to report financial results for the three and twelve months ended December 31, 2017 after the close of market on February 20, 2018. New York Mortgage Trust's executive management will host a conference call and audio webcast at 9:00 a.m., Eastern Time, on Wednesday, February 21, 2018. The conference call dial-in number is 877-312-8806.\nA live audio webcast of the conference call can be accessed via the Internet, on a listen-only basis, at the Investor Relations section of the Company's website at www.nymtrust.com . Please allow extra time, prior to the call, to visit the site and download the necessary software to listen to the Internet broadcast.\nA replay of the conference call will be available by calling 855-859-2056. The conference ID number is 3385846. The replay will be available until Wednesday, February 28, 2018.\nAbout New York Mortgage Trust\nNew York Mortgage Trust, Inc. is a Maryland corporation that has elected to be taxed as a real estate investment trust for federal income tax purposes (“REIT”). NYMT is an internally managed REIT in the business of acquiring, investing in, financing and managing mortgage-related and residential housing-related assets and financial assets and targets residential mortgage loans, including second mortgages and loans sourced from distressed markets, multi-family CMBS, direct financing to owners of multi-family properties through mezzanine loans and preferred equity investments, other commercial and residential real estate-related investments, Non-Agency RMBS and Agency RMBS. Headlands Asset Management, LLC provides investment management services to the Company with respect to certain of its asset classes.\nCONTACT: AT THE COMPANY Emily Stiller Controller Phone: (980) 224-4186 Email: estiller@nymtrust.com\nSource:New York Mortgage Trust, Inc.", "external_links": ["https://www.globenewswire.com/Tracker?data=qR96PjKACWWYhp_SRhca_BpzSbRblfUxA-Xdg2MiMwV6Ru5tiIPZjtIi4WXbLis5ZQSsVr4cWudAnk15-mq20w==", "https://www.globenewswire.com/NewsRoom/AttachmentNg/8b301801-e1c9-4019-8da4-3d24e14e183b"], "published": "2018-02-14T00:01:00.000+02:00", "crawled": "2018-02-14T02:02:31.037+02:00", "highlightTitle": ""}