{"organizations": [], "uuid": "dd9101b01607769d58d89436137cc8467d808cf1", "thread": {"social": {"gplus": {"shares": 0}, "pinterest": {"shares": 0}, "vk": {"shares": 0}, "linkedin": {"shares": 0}, "facebook": {"likes": 0, "shares": 0, "comments": 0}, "stumbledupon": {"shares": 0}}, "site_full": "www.cnbc.com", "main_image": "https://fm.cnbc.com/applications/cnbc.com/resources/img/editorial/2018/03/19/105075429-GettyImages-507192680.1910x1000.jpg", "site_section": "http://www.cnbc.com/id/100003114/device/rss/rss.html", "section_title": "Top News &amp; Analysis", "url": "https://www.cnbc.com/2018/03/20/us-and-south-korea-are-resuming-joint-military-exercises-next-month.html", "country": "US", "domain_rank": 767, "title": "US and South Korea are resuming joint military exercises next month", "performance_score": 0, "site": "cnbc.com", "participants_count": 1, "title_full": "", "spam_score": 0.0, "site_type": "news", "published": "2018-03-20T07:02:00.000+02:00", "replies_count": 0, "uuid": "dd9101b01607769d58d89436137cc8467d808cf1"}, "author": "cnbc.com", "url": "https://www.cnbc.com/2018/03/20/us-and-south-korea-are-resuming-joint-military-exercises-next-month.html", "ord_in_thread": 0, "title": "US and South Korea are resuming joint military exercises next month", "locations": [], "entities": {"persons": [{"name": "logan", "sentiment": "none"}, {"name": "donald trump", "sentiment": "none"}, {"name": "kim jong un", "sentiment": "none"}, {"name": "christopher logan", "sentiment": "none"}], "locations": [{"name": "south korea", "sentiment": "none"}, {"name": "united states", "sentiment": "none"}, {"name": "us", "sentiment": "none"}, {"name": "u.s.", "sentiment": "none"}, {"name": "seoul", "sentiment": "none"}, {"name": "washington", "sentiment": "none"}, {"name": "north korea", "sentiment": "none"}], "organizations": [{"name": "pentagon", "sentiment": "none"}, {"name": "united nations command", "sentiment": "none"}]}, "highlightText": "", "language": "english", "persons": [], "text": "Materials and Metals US and South Korea are resuming joint military exercises next month The United States and South Korea have agreed to resume joint military drills early next month, the Pentagon said. The exercises are expected to begin on April 1, and will be on a \"scale similar to that of the previous years,\" the U.S. military said in a statement. The two joint drills, which include computer simulations and field exercises, would involve about 23,700 U.S. troops and 300,000 South Korea forces. Published 11 Hours Ago Reuters Ed Jones | AFP | Getty Images South Korean and US soldiers wrestle for photographers during a joint annual winter exercise in Pyeongchang, on January 28, 2016. \nThe United States and South Korea have agreed to resume joint military drills early next month, the Pentagon said, a move that was expected despite U.S. President Donald Trump's planned meeting with North Korean leader Kim Jong Un . \nSeoul and Washington said in January they would delay the annual exercises, known as Key Resolve and Foal Eagle, until after the Olympics and Paralympics in South Korea — helping to create conditions for a resumption of talks between South and North Korea, which sees the drills as a rehearsal for invasion. \nThe exercises are expected to begin on April 1, and will be on a \"scale similar to that of the previous years,\" the U.S. military said in a statement late on Monday. \n\"Our combined exercises are defense-oriented and there is no reason for North Korea to view them as a provocation,\" Lieutenant Colonel Christopher Logan, a Pentagon spokesman, said in a separate statement. \nThe Pentagon said the North Korean military had been notified about the schedule for the drills by the United Nations Command. Logan said the drills were expected to conclude toward the end of May. \nLogan said the two joint drills, which include computer simulations and field exercises, would involve about 23,700 U.S. troops and 300,000 South Korea forces. He said they had been long planned and were not a response to any specific North Korean actions or the current situation on the Korean Peninsula. \nAfter the announcement of the postponement of the drills in January, Pyongyang agreed to hold the first official talks with Seoul in more than two years and to send athletes to the Winter Olympics, easing a standoff over North Korea's development of nuclear weapons. \nThe intra-Korean talks led to a visit this month by a South Korean delegation to Pyongyang for a meeting with the North Korean leader. The delegation said Kim committed to denuclearization and expressed eagerness to meet Trump as soon as possible, an offer the president quickly accepted. \nSouth Korean official have said Kim is expected to meet with South Korean President Moon Jae in in April before meeting Trump before the end of May. Drills were denounced in the past by North Korea \nThe head of the South Korean delegation also said that Kim had said he understood that the joint U.S.-South Korean exercises had to continue. \nNorth Korea has angrily denounced the drills in the past. Pyongyang has not confirmed the reported remarks by Kim to the South Korean delegation and threatened earlier in the month to \"counter the U.S.\" if the exercises went ahead. \nIn January, U.S. Defense Secretary Jim Mattis said the decision to delay the drills was because of logistical concerns, since many South Korean security forces would be occupied with protecting the Olympics. \nIn 2017, the joint drills ran from March 1 to April 30, and included the Carl Vinson aircraft carrier. \nA U.S. official, speaking on condition of anonymity, said no U.S. aircraft carrier would take part this year, which he said was according to plan and not related to the political situation.", "external_links": [], "published": "2018-03-20T07:02:00.000+02:00", "crawled": "2018-03-20T06:21:17.002+02:00", "highlightTitle": ""}