{"organizations": [], "uuid": "e99060d818d716d25cbd810809b09b9de1af362b", "thread": {"social": {"gplus": {"shares": 0}, "pinterest": {"shares": 0}, "vk": {"shares": 0}, "linkedin": {"shares": 0}, "facebook": {"likes": 0, "shares": 0, "comments": 0}, "stumbledupon": {"shares": 0}}, "site_full": "www.wsj.com", "main_image": "https://images.wsj.net/im-4427/social", "site_section": "http://www.wsj.com/xml/rss/3_7041.xml", "section_title": "WSJ.com: Opinion", "url": "https://www.wsj.com/articles/facebook-joins-the-club-1521500287", "country": "US", "domain_rank": 387, "title": "Facebook Joins the Club", "performance_score": 0, "site": "wsj.com", "participants_count": 1, "title_full": "", "spam_score": 0.0, "site_type": "news", "published": "2018-03-20T01:58:00.000+02:00", "replies_count": 0, "uuid": "e99060d818d716d25cbd810809b09b9de1af362b"}, "author": "The Editorial Board", "url": "https://www.wsj.com/articles/facebook-joins-the-club-1521500287", "ord_in_thread": 0, "title": "Facebook Joins the Club", "locations": [], "entities": {"persons": [{"name": "ted cruz", "sentiment": "none"}, {"name": "trump", "sentiment": "none"}], "locations": [], "organizations": [{"name": "facebook joins the club facebook", "sentiment": "negative"}, {"name": "cambridge analytica", "sentiment": "none"}]}, "highlightText": "", "language": "english", "persons": [], "text": "Facebook shares dropped nearly 7% on Monday, causing tech-heavy stock indexes to swoon. Investors are apparently shocked that big tech companies that have long received political protection from liberals are suddenly getting the Big Oil rubdown.\nOver the weekend two newspapers reported that the political firm Cambridge Analytica harvested data from 50 million Facebook users by using a personality test app. Ted Cruz used the firm in 2015 to target voters, and the Trump campaign later marshalled its “psychographic” modelling—a... ", "external_links": [], "published": "2018-03-20T01:58:00.000+02:00", "crawled": "2018-03-20T08:20:24.014+02:00", "highlightTitle": ""}