{"organizations": [], "uuid": "b029134a20588be30b7c5405abf97e7cfe409c26", "thread": {"social": {"gplus": {"shares": 0}, "pinterest": {"shares": 0}, "vk": {"shares": 0}, "linkedin": {"shares": 0}, "facebook": {"likes": 0, "shares": 0, "comments": 0}, "stumbledupon": {"shares": 0}}, "site_full": "www.reuters.com", "main_image": "https://s4.reutersmedia.net/resources_v2/images/rcom-default.png", "site_section": "http://www.reuters.com/resources/archive/us/20180213.html", "section_title": "Archive News &amp; Video for Tuesday, 13 Feb 2018 | Reuters.com", "url": "https://www.reuters.com/article/brief-moodys-downgrades-government-of-ke/brief-moodys-downgrades-government-of-kenyas-issuer-rating-to-b2-and-assigns-stable-outlook-idUSFWN1Q31E9", "country": "US", "domain_rank": 408, "title": "Moody's Downgrades Government Of Kenya's Issuer Rating To B2 And Assigns Stable Outlook", "performance_score": 0, "site": "reuters.com", "participants_count": 1, "title_full": "", "spam_score": 0.027, "site_type": "news", "published": "2018-02-14T06:09:00.000+02:00", "replies_count": 0, "uuid": "b029134a20588be30b7c5405abf97e7cfe409c26"}, "author": "Reuters Editorial", "url": "https://www.reuters.com/article/brief-moodys-downgrades-government-of-ke/brief-moodys-downgrades-government-of-kenyas-issuer-rating-to-b2-and-assigns-stable-outlook-idUSFWN1Q31E9", "ord_in_thread": 0, "title": "Moody's Downgrades Government Of Kenya's Issuer Rating To B2 And Assigns Stable Outlook", "locations": [], "entities": {"persons": [], "locations": [{"name": "kenya", "sentiment": "none"}, {"name": "kenya", "sentiment": "none"}], "organizations": [{"name": "reuters", "sentiment": "negative"}, {"name": "moody", "sentiment": "negative"}, {"name": "moody’s corp", "sentiment": "neutral"}, {"name": "thomson reuters trust principles", "sentiment": "none"}, {"name": "eikon", "sentiment": "none"}]}, "highlightText": "", "language": "english", "persons": [], "text": "Feb 13 (Reuters) - Moody’s Corp:\n* MOODY‘S DOWNGRADES GOVERNMENT OF KENYA‘S ISSUER RATING TO B2 AND ASSIGNS STABLE OUTLOOK\n* MOODY‘S SAYS EXPECTS KENYA‘S FISCAL METRICS TO CONTINUE DETERIORATE, AS LARGE PRIMARY DEFICITS COMBINE WITH WORSENING DEBT AFFORDABILITY ,RISING DEBT LEVELS‍​\n* MOODY‘S ON KENYA SAYS LOWERED LONG-TERM FOREIGN-CURRENCY BOND CEILING TO BA3 FROM BA2 AND THE LONG-TERM FOREIGN-CURRENCY DEPOSIT CEILING TO B3 FROM B2\n* MOODY‘S ON KENYA SAYS LOWERED THE LONG-TERM LOCAL-CURRENCY BOND AND DEPOSIT CEILINGS TO BA2 FROM BA1\n* MOODY‘S SAYS KENYA‘S GOVERNMENT WILL CONTINUE TO FACE LIQUIDITY PRESSURES DUE TO LARGE FINANCING NEEDS,INCREASED RELIANCE ON SOURCES OF FINANCING WITH LESS PREDICTABLE COSTS Source text for Eikon:\n ", "external_links": ["http://thomsonreuters.com/en/about-us/trust-principles.html"], "published": "2018-02-14T06:09:00.000+02:00", "crawled": "2018-02-14T12:27:17.075+02:00", "highlightTitle": ""}