{"organizations": [], "uuid": "582ca3fa8c333439fd94354014309773ca4674b5", "thread": {"social": {"gplus": {"shares": 0}, "pinterest": {"shares": 0}, "vk": {"shares": 0}, "linkedin": {"shares": 0}, "facebook": {"likes": 0, "shares": 0, "comments": 0}, "stumbledupon": {"shares": 0}}, "site_full": "uk.reuters.com", "main_image": "https://s3.reutersmedia.net/resources/r/?m=02&d=20180320&t=2&i=1242802018&w=1200&r=LYNXMPEE2J0HO", "site_section": "http://feeds.feedburner.com/Reuters/UKWorldNews", "section_title": "Reuters: World News", "url": "https://uk.reuters.com/article/uk-turkey-security-rights/u-n-calls-for-turkey-to-revoke-emergency-decree-halt-violations-idUKKBN1GW0ZV", "country": "US", "domain_rank": 408, "title": "U.N. calls for Turkey to end state of emergency, halt violations", "performance_score": 0, "site": "reuters.com", "participants_count": 0, "title_full": "", "spam_score": 0.0, "site_type": "news", "published": "2018-03-20T11:48:00.000+02:00", "replies_count": 0, "uuid": "582ca3fa8c333439fd94354014309773ca4674b5"}, "author": "", "url": "https://uk.reuters.com/article/uk-turkey-security-rights/u-n-calls-for-turkey-to-revoke-emergency-decree-halt-violations-idUKKBN1GW0ZV", "ord_in_thread": 0, "title": "U.N. calls for Turkey to end state of emergency, halt violations", "locations": [], "entities": {"persons": [{"name": "tayyip erdogan", "sentiment": "none"}], "locations": [{"name": "turkey", "sentiment": "none"}, {"name": "geneva", "sentiment": "none"}, {"name": "canakkale", "sentiment": "none"}, {"name": "gallipoli campaign", "sentiment": "none"}], "organizations": [{"name": "u.n.", "sentiment": "negative"}, {"name": "reuters staff", "sentiment": "none"}, {"name": "united nations", "sentiment": "none"}, {"name": "reuters", "sentiment": "none"}, {"name": "reuters", "sentiment": "none"}]}, "highlightText": "", "language": "english", "persons": [], "text": "March 20, 2018 / 9:36 AM / Updated 43 minutes ago U.N. calls for Turkey to end state of emergency, halt violations Reuters Staff 3 Min Read GENEVA (Reuters) - The United Nations called on Turkey on Tuesday to end the state of emergency in place since July 2016 that it said had led to widespread human rights violations including the arrest of 160,000 people and dismissal of nearly the same number of civil servants, often arbitrarily. Turkish President Tayyip Erdogan attends a ceremony marking the 103rd anniversary of Battle of Canakkale, also known as the Gallipoli Campaign, in Canakkale, Turkey March 18, 2018. Murat Cetinmuhurdar/Presidential Palace/Handout via REUTERS President Tayyip Erdogan declared the emergency after a failed July 2016 coup and issued more than 20 decrees which have often led to torture of detainees, impunity and interference with the judiciary, the U.N. human rights office said. Turkey should “promptly end the state of emergency and restore the normal functioning of institutions and the rule of law,” it said in a report. “The sheer number, frequency and lack of connection of several [emergency] decrees to any national threat seem to … point to the use of emergency powers to stifle any form of criticism or dissent vis-à-vis the government,” it said. The Turkish government blames the network of Fethullah Gulen, a U.S.-based Muslim cleric, for the failed coup attempt during which 250 people were killed. Gulen has denied any involvement in the coup, however. Zeid Ra’ad al-Hussein, U.N. High Commissioner for Human Rights, said the numbers of people arrested or dismissed are “just staggering”. Nearly 160,000 people have been arrested and 152,000 civil servants sacked, “many totally arbitrarily”, in the past 18 months, he said in a statement. “Teachers, judges and lawyers dismissed or prosecuted; journalists arrested, media outlets shut down and websites blocked - clearly the successive states of emergency declared in Turkey have been used to severely and arbitrarily curtail the human rights of a very large number of people,” Zeid said. The 28-page report documents the use of torture and ill-treatment in custody, including severe beatings, sexual assault, electric shocks and waterboarding by police, gendarmerie, military police and security forces. In southeast Turkey, it said that “massive and serious” human rights violations continued to be committed by security forces. These included killings, torture, excessive use of force, and destruction of homes and Kurdish cultural heritage. The U.N. rights office called for full access to be able to assess the situation in the region. Reporting by Stephanie Nebehay; Editing by Hugh Lawson", "external_links": [], "published": "2018-03-20T11:48:00.000+02:00", "crawled": "2018-03-20T12:09:04.016+02:00", "highlightTitle": ""}