{"organizations": [], "uuid": "4c9fcdd22aaad52360ab535faadc8be1650cb197", "thread": {"social": {"gplus": {"shares": 0}, "pinterest": {"shares": 0}, "vk": {"shares": 0}, "linkedin": {"shares": 0}, "facebook": {"likes": 0, "shares": 0, "comments": 0}, "stumbledupon": {"shares": 0}}, "site_full": "www.reuters.com", "main_image": "https://s4.reutersmedia.net/resources_v2/images/rcom-default.png", "site_section": "http://www.reuters.com/resources/archive/us/20180213.html", "section_title": "Archive News &amp; Video for Tuesday, 13 Feb 2018 | Reuters.com", "url": "https://www.reuters.com/article/brief-sunsea-telecommunications-unit-sig/brief-sunsea-telecommunications-unit-signs-cooperation-agreement-with-china-united-network-communications-idUSH9N1PW02K", "country": "US", "domain_rank": 408, "title": "Sunsea Telecommunications Unit Signs Cooperation Agreement With China United Network Communications", "performance_score": 0, "site": "reuters.com", "participants_count": 1, "title_full": "", "spam_score": 0.002, "site_type": "news", "published": "2018-02-13T17:53:00.000+02:00", "replies_count": 0, "uuid": "4c9fcdd22aaad52360ab535faadc8be1650cb197"}, "author": "Reuters Editorial", "url": "https://www.reuters.com/article/brief-sunsea-telecommunications-unit-sig/brief-sunsea-telecommunications-unit-signs-cooperation-agreement-with-china-united-network-communications-idUSH9N1PW02K", "ord_in_thread": 0, "title": "Sunsea Telecommunications Unit Signs Cooperation Agreement With China United Network Communications", "locations": [], "entities": {"persons": [], "locations": [{"name": "hong kong", "sentiment": "none"}], "organizations": [{"name": "sunsea telecommunications unit signs cooperation agreement with china united network communications", "sentiment": "negative"}, {"name": "reuters) - sunsea telecommunications co ltd", "sentiment": "neutral"}, {"name": "thomson reuters trust principles", "sentiment": "none"}]}, "highlightText": "", "language": "english", "persons": [], "text": "Feb 13 (Reuters) - Sunsea Telecommunications Co Ltd :\n* SAYS UNIT SIGNS STRATEGIC COOPERATION AGREEMENT WITH CHINA UNITED NETWORK COMMUNICATIONS ON AREAS INCLUDING INTERNET OF THINGS (IOT) Source text in Chinese: bit.ly/2EYGWfA Further company coverage: (Reporting by Hong Kong newsroom)\n ", "external_links": ["http://thomsonreuters.com/en/about-us/trust-principles.html", "http://bit.ly/2EYGWfA"], "published": "2018-02-13T17:53:00.000+02:00", "crawled": "2018-02-14T12:28:04.002+02:00", "highlightTitle": ""}