{"organizations": [], "uuid": "c56d3a404406490dcc87c8239fd8dd5f1036c948", "thread": {"social": {"gplus": {"shares": 0}, "pinterest": {"shares": 0}, "vk": {"shares": 0}, "linkedin": {"shares": 0}, "facebook": {"likes": 0, "shares": 0, "comments": 0}, "stumbledupon": {"shares": 0}}, "site_full": "www.wsj.com", "main_image": "https://si.wsj.net/public/resources/images/BN-XX622_0319mc_SOC_20180319192443.jpg", "site_section": "https://www.wsj.com/europe", "section_title": "The Wall Street Journal &amp; Breaking News, Business, Financial and Economic News, World News and Video", "url": "https://www.wsj.com/articles/congress-grapples-with-andrew-mccabes-firing-1521502539", "country": "US", "domain_rank": 387, "title": "Congress Grapples With Andrew McCabe’s Firing", "performance_score": 0, "site": "wsj.com", "participants_count": 1, "title_full": "", "spam_score": 0.0, "site_type": "news", "published": "2018-03-20T02:35:00.000+02:00", "replies_count": 0, "uuid": "c56d3a404406490dcc87c8239fd8dd5f1036c948"}, "author": "Aruna Viswanatha", "url": "https://www.wsj.com/articles/congress-grapples-with-andrew-mccabes-firing-1521502539", "ord_in_thread": 0, "title": "Congress Grapples With Andrew McCabe’s Firing", "locations": [], "entities": {"persons": [{"name": "andrew mccabe", "sentiment": "negative"}, {"name": "mueller", "sentiment": "none"}, {"name": "donald trump", "sentiment": "none"}, {"name": "robert mueller", "sentiment": "none"}, {"name": "trump", "sentiment": "none"}, {"name": "mccabe", "sentiment": "none"}], "locations": [{"name": "russia", "sentiment": "none"}], "organizations": [{"name": "congress", "sentiment": "negative"}, {"name": "fbi", "sentiment": "none"}]}, "highlightText": "", "language": "english", "persons": [], "text": "Repercussions from the firing of Andrew McCabe moved to Congress Monday, with several lawmakers calling for hearings and Democrats extending job offers to the former FBI deputy director in an effort to restore his full pension.\nMeanwhile, a senior Republican senator said he believed President Donald Trump was unlikely to fire Special Counsel Robert Mueller. Mr. Trump stepped up his attacks on Mr. Mueller over the weekend after Mr. McCabe’s dismissal, though the firing wasn’t related to Mr. Mueller’s investigation of Russia’s... RELATED VIDEO What People Really Mean When They Say 'Collusion' When it comes to the Russia investigation, the word \"Collusion\" gets thrown around a lot. But there's not a lot of clarity on what it actually means. Is it illegal? Is it grounds for impeachment? We asked a law professor to explain. Photo Illustration: Drew Evans/The Wall Street Journal. ", "external_links": [], "published": "2018-03-20T02:35:00.000+02:00", "crawled": "2018-03-20T04:04:31.021+02:00", "highlightTitle": ""}