{"organizations": [], "uuid": "8a7b089b7def94b512f818409b00c5a7da981868", "thread": {"social": {"gplus": {"shares": 0}, "pinterest": {"shares": 0}, "vk": {"shares": 0}, "linkedin": {"shares": 0}, "facebook": {"likes": 0, "shares": 0, "comments": 0}, "stumbledupon": {"shares": 0}}, "site_full": "www.cnbc.com", "main_image": "", "site_section": "http://www.cnbc.com/id/10000027/page/2", "section_title": "Press Releases - CNBC", "url": "http://www.cnbc.com/2018/02/13/pr-newswire-cenveo-announces-management-appointments.html", "country": "US", "domain_rank": 767, "title": "Cenveo Announces Management Appointments", "performance_score": 0, "site": "cnbc.com", "participants_count": 1, "title_full": "", "spam_score": 0.003, "site_type": "news", "published": "2018-02-14T00:39:00.000+02:00", "replies_count": 0, "uuid": "8a7b089b7def94b512f818409b00c5a7da981868"}, "author": "cnbc.com", "url": "http://www.cnbc.com/2018/02/13/pr-newswire-cenveo-announces-management-appointments.html", "ord_in_thread": 0, "title": "Cenveo Announces Management Appointments", "locations": [], "entities": {"persons": [{"name": "robert g. burton", "sentiment": "none"}, {"name": "mark s. hiltwein", "sentiment": "none"}, {"name": "hiltwein", "sentiment": "none"}, {"name": "mark", "sentiment": "none"}], "locations": [{"name": "conn.", "sentiment": "none"}, {"name": "stamford", "sentiment": "none"}, {"name": "cenveo", "sentiment": "none"}], "organizations": [{"name": "cenveo, inc.", "sentiment": "neutral"}, {"name": "rand logistics, inc.", "sentiment": "none"}, {"name": "envelope group", "sentiment": "none"}]}, "highlightText": "", "language": "english", "persons": [], "text": "STAMFORD, Conn., Feb. 13, 2018 /PRNewswire/ -- Cenveo, Inc. (NASDAQ: CVO) (the \"Company\"), a global leader in digital manufacturing and fulfillment of envelopes, labels, print, and related communication resources, today announced the appointment of Mark S. Hiltwein as Chief Financial Officer, effective March 2018. Mr. Hiltwein rejoins Cenveo from Rand Logistics, Inc., where he served as Chief Financial Officer. Previously, Mr. Hiltwein held several senior positions at Cenveo, including Chief Financial Officer, President of the Envelope Group, and President of Field Sales and Manufacturing.\n\"We are excited to welcome Mark back to Cenveo where he will undoubtedly make an immediate impact as we continue to transform our Company. Mark's prior experience at Cenveo is a tremendous asset for us while we restructure our balance sheet and position the Company for long-term success. Many of our employees, customers, and vendors have worked with Mark in the past and respect him tremendously. We are all looking forward to him rejoining us,\" said Robert G. Burton, Sr., Chairman and CEO of Cenveo.\nMr. Hiltwein will lead Cenveo's financial operations and report directly to Rob Burton, Jr., President of Cenveo. Mr. Hiltwein will succeed Scott Goodwin, who will depart Cenveo at the end of February.\nCenveo also announced the appointment of Ayman Zameli, Cenveo's Executive Vice President, Corporate Strategy and Capital Markets, as the Company's Chief Restructuring Officer (\"CRO\"). In his expanded role, Mr. Zameli will lead the Company's restructuring efforts during the pendency of the Chapter 11 proceeding and will have authority and discretion on behalf of the management of the Company with respect to all of the Company's restructuring initiatives.\nCenveo (NASDAQ: CVO), world headquartered in Stamford, Connecticut, is a leading global provider of print and related resources, offering world-class solutions in the areas of custom labels , envelopes, commercial print, content management and publisher solutions . The Company provides a one-stop offering through services ranging from design and content management to fulfillment and distribution. With a worldwide distribution platform, we pride ourselves on delivering quality solutions and service every day to our customers. For more information please visit us at www.cenveo.com .\nCautionary Note Regarding Forward-Looking Statements\nThis document contains certain . These statements may be identified by the use of forward-looking terminology such as \"anticipate,\" \"believe,\" \"continue,\" \"could,\" \"estimate,\" \"expect,\" \"intend,\" \"may,\" \"might,\" \"our vision,\" \"plan,\" \"potential,\" \"preliminary,\" \"predict,\" \"should,\" \"will,\" or \"would\" or the negative thereof or other variations thereof or other comparable terminology and include, but are not limited to, statements regarding the Company's expected motions to be filed in the Chapter 11 proceeding and the dispositions of such motions, continued operations and customer and supplier programs while in a Chapter 11 proceeding, cash needed to support our operations while in a Chapter 11 proceeding, ability to lower debt and interest payments, ability to operate while in a Chapter 11 proceeding, ability to pay our creditors, credit rating and ability to manage its pension obligations. We have based these on our current expectations, assumptions, estimates and projections. While we believe these expectations, assumptions, estimates and projections are reasonable, such are only predictions and involve known and unknown risks and uncertainties, many of which are beyond our control, including, but not limited to: the actions and decisions of our creditors and other third parties with interests in the Chapter 11 cases; our ability to maintain liquidity to fund our operations during the Chapter 11 cases; our ability to obtain Bankruptcy Court approvals in connection with the Chapter 11 cases; our ability to consummate any transactions once approved by the Bankruptcy Court and the time to consummation of such transactions; adjustments in the calculation of financial results for the quarter or year end, or the application of accounting principles; discovery of new information that alters expectations about financial results or impacts valuation methodologies underlying financial results; accounting changes required by United States generally accepted accounting principles; and other factors affecting the Company detailed from time to time in the Company's filings with the SEC that are available at www.sec.gov/ . These and other important factors may cause our actual results, performance, or achievements to differ materially from any future results, performance, or achievements expressed or implied by these . For a list and description of such risks and uncertainties, please refer to Cenveo's filings with the SEC that are available at www.sec.gov/ and in particular, our 2016 Form 10-K filed with the SEC on February 23, 2017. We caution you that the list of important factors included in our SEC filings may not contain all of the material factors that are important to you. In addition, in light of these risks and uncertainties, the matters referred to in the contained in this document may not in fact occur. Cenveo disclaims any intention or obligation to update or revise any as a result of new information, future events or otherwise, except as otherwise required by law.\nInquiries from analysts and investors should be directed to Ayman Zameli at (203) 595-3063.\nView original content with multimedia: http://www.prnewswire.com/news-releases/cenveo-announces-management-appointments-300598297.html\nSOURCE Cenveo, Inc.", "external_links": ["https://www.lightninglabels.com/custom-labels", "http://www.cenveopublisherservices.com/", "http://www.prnewswire.com/news-releases/cenveo-announces-management-appointments-300598297.html", "http://www.cenveo.com/", "http://www.sec.gov/"], "published": "2018-02-14T00:39:00.000+02:00", "crawled": "2018-02-14T03:01:07.025+02:00", "highlightTitle": ""}