{"organizations": [], "uuid": "5a763c71919d007d7a261c6a7b6e083d83526843", "thread": {"social": {"gplus": {"shares": 0}, "pinterest": {"shares": 0}, "vk": {"shares": 0}, "linkedin": {"shares": 0}, "facebook": {"likes": 0, "shares": 0, "comments": 0}, "stumbledupon": {"shares": 0}}, "site_full": "www.reuters.com", "main_image": "https://s4.reutersmedia.net/resources_v2/images/rcom-default.png", "site_section": "http://www.reuters.com/resources/archive/us/20180213.html", "section_title": "Archive News &amp; Video for Tuesday, 13 Feb 2018 | Reuters.com", "url": "https://www.reuters.com/article/brief-coastal-corp-approves-proposal-to/brief-coastal-corp-approves-proposal-to-set-up-unit-in-sri-lanka-idUSFWN1Q30KV", "country": "US", "domain_rank": 408, "title": "Coastal Corp Approves Proposal To Set Up Unit In Sri Lanka", "performance_score": 0, "site": "reuters.com", "participants_count": 1, "title_full": "", "spam_score": 0.685, "site_type": "news", "published": "2018-02-13T17:12:00.000+02:00", "replies_count": 0, "uuid": "5a763c71919d007d7a261c6a7b6e083d83526843"}, "author": "Reuters Editorial", "url": "https://www.reuters.com/article/brief-coastal-corp-approves-proposal-to/brief-coastal-corp-approves-proposal-to-set-up-unit-in-sri-lanka-idUSFWN1Q30KV", "ord_in_thread": 0, "title": "Coastal Corp Approves Proposal To Set Up Unit In Sri Lanka", "locations": [], "entities": {"persons": [], "locations": [{"name": "sri lanka", "sentiment": "none"}, {"name": "sri lanka", "sentiment": "none"}, {"name": "india", "sentiment": "none"}], "organizations": [{"name": "coastal corp", "sentiment": "negative"}, {"name": "reuters) - coastal corporation ltd", "sentiment": "neutral"}, {"name": "thomson reuters trust principles", "sentiment": "none"}]}, "highlightText": "", "language": "english", "persons": [], "text": "Feb 13 (Reuters) - Coastal Corporation Ltd:\n* SAYS APPROVED PROPOSAL FOR SETTING UP WHOLLY OWNED UNIT IN SRI LANKA\n* APPROVES INVESTMENT OF 20 MILLION RUPEES IN CONTINENTAL FISHERIES INDIA Source text - bit.ly/2Ci7BB7 Further company coverage:\n ", "external_links": ["http://bit.ly/2Ci7BB7", "http://thomsonreuters.com/en/about-us/trust-principles.html"], "published": "2018-02-13T17:12:00.000+02:00", "crawled": "2018-02-14T12:28:03.062+02:00", "highlightTitle": ""}