{"organizations": [], "uuid": "5168fa0dcba9c534f63cb443e265d02af4629d4d", "thread": {"social": {"gplus": {"shares": 0}, "pinterest": {"shares": 0}, "vk": {"shares": 0}, "linkedin": {"shares": 0}, "facebook": {"likes": 0, "shares": 0, "comments": 0}, "stumbledupon": {"shares": 0}}, "site_full": "www.reuters.com", "main_image": "https://s4.reutersmedia.net/resources_v2/images/rcom-default.png", "site_section": "http://feeds.reuters.com/reuters/companyNews", "section_title": "Reuters: Company News", "url": "https://www.reuters.com/article/brief-ctrip-royal-caribbean-cruises-to-e/brief-ctrip-royal-caribbean-cruises-to-end-skysea-jv-idUSFWN1R114W", "country": "US", "domain_rank": 408, "title": "BRIEF-Ctrip, Royal Caribbean Cruises to end SkySea JV", "performance_score": 0, "site": "reuters.com", "participants_count": 0, "title_full": "", "spam_score": 0.0, "site_type": "news", "published": "2018-03-20T05:15:00.000+02:00", "replies_count": 0, "uuid": "5168fa0dcba9c534f63cb443e265d02af4629d4d"}, "author": "", "url": "https://www.reuters.com/article/brief-ctrip-royal-caribbean-cruises-to-e/brief-ctrip-royal-caribbean-cruises-to-end-skysea-jv-idUSFWN1R114W", "ord_in_thread": 0, "title": "BRIEF-Ctrip, Royal Caribbean Cruises to end SkySea JV", "locations": [], "entities": {"persons": [], "locations": [], "organizations": [{"name": "royal caribbean cruises", "sentiment": "negative"}, {"name": "tui ag’s marella", "sentiment": "none"}, {"name": "royal caribbean cruises ltd", "sentiment": "none"}, {"name": "eikon", "sentiment": "none"}, {"name": "reuters) - royal caribbean cruises ltd", "sentiment": "none"}]}, "highlightText": "", "language": "english", "persons": [], "text": "March 20, 2018 / 3:19 AM / in 16 minutes BRIEF-Ctrip, Royal Caribbean Cruises to end SkySea JV Reuters Staff March 19 (Reuters) - Royal Caribbean Cruises Ltd: * CTRIP, ROYAL CARIBBEAN CRUISES LTD. TO END SKYSEA JOINT VENTURE * ‍ROYAL CARIBBEAN EXPECTS IMPACT OF TRANSACTIONS TO FALL IN A RANGE OF $0.12 TO $0.15 A SHARE IN FY2018​ * ‍LOSS WILL BE EXCLUDED FROM 2018 ADJUSTED NET INCOME​ * ‍TUI AG’S MARELLA CRUISES HAS AGREED TO PURCHASE GOLDEN ERA, WITH DELIVERY EXPECTED IN DECEMBER, 201​ * ‍AFTER SALE OF GOLDEN ERA, IT IS EXPECTED THAT SKYSEA WILL WIND DOWN ITS BUSINESS OPERATIONS BEFORE END OF 2018​ Source text for Eikon: Further company coverage:", "external_links": [], "published": "2018-03-20T05:15:00.000+02:00", "crawled": "2018-03-20T05:44:10.045+02:00", "highlightTitle": ""}