{"organizations": [], "uuid": "3a77c98012ca7861d9307aff31ea3523ad36e833", "thread": {"social": {"gplus": {"shares": 0}, "pinterest": {"shares": 0}, "vk": {"shares": 0}, "linkedin": {"shares": 0}, "facebook": {"likes": 0, "shares": 0, "comments": 0}, "stumbledupon": {"shares": 0}}, "site_full": "www.reuters.com", "main_image": "https://s4.reutersmedia.net/resources_v2/images/rcom-default.png", "site_section": "http://www.reuters.com/resources/archive/us/20180213.html", "section_title": "Archive News &amp; Video for Tuesday, 13 Feb 2018 | Reuters.com", "url": "https://www.reuters.com/article/brief-avi-tech-electronics-posts-q2-net/brief-avi-tech-electronics-posts-q2-net-profit-of-s1-7-mln-idUSFWN1Q30P8", "country": "US", "domain_rank": 408, "title": "Avi Tech Electronics Posts ‍Q2 Net Profit Of S$1.7 MLN", "performance_score": 0, "site": "reuters.com", "participants_count": 1, "title_full": "", "spam_score": 0.0, "site_type": "news", "published": "2018-02-13T18:13:00.000+02:00", "replies_count": 0, "uuid": "3a77c98012ca7861d9307aff31ea3523ad36e833"}, "author": "Reuters Editorial", "url": "https://www.reuters.com/article/brief-avi-tech-electronics-posts-q2-net/brief-avi-tech-electronics-posts-q2-net-profit-of-s1-7-mln-idUSFWN1Q30P8", "ord_in_thread": 0, "title": "Avi Tech Electronics Posts ‍Q2 Net Profit Of S$1.7 MLN", "locations": [], "entities": {"persons": [], "locations": [], "organizations": [{"name": "avi tech electronics posts", "sentiment": "negative"}, {"name": "reuters) - avi tech electronics ltd", "sentiment": "neutral"}]}, "highlightText": "", "language": "english", "persons": [], "text": "Feb 13 (Reuters) - Avi Tech Electronics Ltd:\n* ‍Q2 NET PROFIT S$1.7 MILLION VERSUS S$1.8 MILLION​ * Q2 REVENUE S$9.4 MILLION, UP 8.1 PERCENT * ‍BOARD DECLARES INTERIM DIVIDEND OF 1.3 CENTS PER SHARE​ Source text for Eikon: Further company coverage:\n ", "external_links": ["http://thomsonreuters.com/en/about-us/trust-principles.html"], "published": "2018-02-13T18:13:00.000+02:00", "crawled": "2018-02-14T12:48:03.047+02:00", "highlightTitle": ""}