{"organizations": [], "uuid": "acf54fde22570a83010209d788846aec7c0dcfd6", "thread": {"social": {"gplus": {"shares": 0}, "pinterest": {"shares": 0}, "vk": {"shares": 0}, "linkedin": {"shares": 0}, "facebook": {"likes": 0, "shares": 0, "comments": 0}, "stumbledupon": {"shares": 0}}, "site_full": "www.cnbc.com", "main_image": "", "site_section": "http://www.cnbc.com/id/10000027", "section_title": "Press Releases - CNBC", "url": "http://www.cnbc.com/2018/03/19/pr-newswire-great-southern-bancorp-inc-announces-first-quarter-2018-preliminary-earnings-release-date-and-conference-call.html", "country": "US", "domain_rank": 767, "title": "Great Southern Bancorp, Inc. Announces First Quarter 2018 Preliminary Earnings Release Date and Conference Call", "performance_score": 0, "site": "cnbc.com", "participants_count": 1, "title_full": "", "spam_score": 0.012, "site_type": "news", "published": "2018-03-19T21:43:00.000+02:00", "replies_count": 0, "uuid": "acf54fde22570a83010209d788846aec7c0dcfd6"}, "author": "cnbc.com", "url": "http://www.cnbc.com/2018/03/19/pr-newswire-great-southern-bancorp-inc-announces-first-quarter-2018-preliminary-earnings-release-date-and-conference-call.html", "ord_in_thread": 0, "title": "Great Southern Bancorp, Inc. Announces First Quarter 2018 Preliminary Earnings Release Date and Conference Call", "locations": [], "entities": {"persons": [], "locations": [{"name": "springfield", "sentiment": "none"}, {"name": "mo.", "sentiment": "none"}], "organizations": [{"name": "great southern bancorp, inc", "sentiment": "neutral"}, {"name": "great southern bancorp, inc.", "sentiment": "neutral"}, {"name": "securities and exchange commission", "sentiment": "none"}, {"name": "sec", "sentiment": "none"}, {"name": "great southern bank", "sentiment": "none"}]}, "highlightText": "", "language": "english", "persons": [], "text": "SPRINGFIELD, Mo., March 19, 2018 /PRNewswire/ -- Great Southern Bancorp, Inc. (NASDAQ:GSBC), the holding company for Great Southern Bank, expects to report first quarter 2018 preliminary earnings after the market closes on Wednesday, April 18, 2018, and host a conference call on Thursday, April 19, 2018, at 2:00 p.m. Central Time (3:00 p.m. Eastern Time).\nIndividuals interested in listening to the conference call may dial 1.833.832.5121 and enter the passcode 7897835. The call will be available live or in a recorded version at the Company's Investor Relations website, http://investors.greatsouthernbank.com .\nThe Company will notify the public that first quarter 2018 results have been issued through a news release and will post the results to the Company's Investor Relations website. The earnings release will also be available on the Securities and Exchange Commission's (SEC) website, www.sec.gov , as an exhibit to a Current Report on Form 8-K that will be furnished by the Company to the SEC.\nWith total assets of $4.4 billion, Great Southern offers a broad range of banking services to commercial and consumer customers. Headquartered in Springfield, Mo., the Company operates 104 retail banking centers in Missouri, Arkansas, Iowa, Kansas, Minnesota and Nebraska, and commercial loan production offices in Chicago, Dallas and Tulsa, Okla. Great Southern Bancorp is a public company and its common stock (ticker: GSBC) is listed on the NASDAQ Global Select Market.\nwww.GreatSouthernBank.com\nForward-Looking Statements\nWhen used in this press release and in other documents filed or furnished by the Company with the Securities and Exchange Commission (the \"SEC\"), in the Company's press releases or other public or stockholder communications, and in oral statements made with the approval of an authorized executive officer, the words or phrases \"will likely result,\" \"are expected to,\" \"will continue,\" \"is anticipated,\" \"estimate,\" \"project,\" \"intends\" or similar expressions are intended to identify \"forward-looking statements\" within the meaning of the Private Securities Litigation Reform Act of 1995. Such statements are subject to certain risks and uncertainties, including, among other things, (i) the possibility that the actual reduction in the Company's effective tax rate expected to result from the Tax Cuts and Jobs Act of 2017 might be different from the reduction estimated by the Company; (ii) expected revenues, cost savings, earnings accretion, synergies and other benefits from the Company's merger and acquisition activities might not be realized within the anticipated time frames or at all, and costs or difficulties relating to integration matters, including but not limited to customer and employee retention, might be greater than expected; (iii) changes in economic conditions, either nationally or in the Company's market areas; (iv) fluctuations in interest rates; (v) the risks of lending and investing activities, including changes in the level and direction of loan delinquencies and write-offs and changes in estimates of the adequacy of the allowance for loan losses; (vi) the possibility of other-than-temporary impairments of securities held in the Company's securities portfolio; (vii) the Company's ability to access cost-effective funding; (viii) fluctuations in real estate values and both residential and commercial real estate market conditions; (ix) demand for loans and deposits in the Company's market areas; (x) the ability to adapt successfully to technological changes to meet customers' needs and developments in the marketplace; (xi) the possibility that security measures implemented might not be sufficient to mitigate the risk of a cyber attack or cyber theft, and that such security measures might not protect against systems failures or interruptions; (xii) legislative or regulatory changes that adversely affect the Company's business, including, without limitation, the Dodd-Frank Wall Street Reform and Consumer Protection Act of 2010 and its implementing regulations, the overdraft protection regulations and customers' responses thereto and the Tax Cuts and Jobs Act of 2017; (xiii) changes in accounting principles, policies or guidelines; (xiv) monetary and fiscal policies of the Federal Reserve Board and the U.S. Government and other governmental initiatives affecting the financial services industry; (xv) results of examinations of the Company and the Bank by their regulators, including the possibility that the regulators may, among other things, require the Company to limit its business activities, changes its business mix, increase its allowance for loan losses, write-down assets or increase its capital levels, or affect its ability to borrow funds or maintain or increase deposits, which could adversely affect its liquidity and earnings; (xvi) costs and effects of litigation, including settlements and judgments; and (xvii) competition. The Company wishes to advise readers that the factors listed above and other risks described from time to time in documents filed or furnished by the Company with the SEC could affect the Company's financial performance and could cause the Company's actual results for future periods to differ materially from any opinions or statements expressed with respect to future periods in any current statements.\nThe Company does not undertake -and specifically declines any obligation- to publicly release the result of any revisions which may be made to any forward-looking statements to reflect events or circumstances after the date of such statements or to reflect the occurrence of anticipated or unanticipated events.\nView original content with multimedia: http://www.prnewswire.com/news-releases/great-southern-bancorp-inc-announces-first-quarter-2018-preliminary-earnings-release-date-and-conference-call-300616093.html\nSOURCE Great Southern Bancorp, Inc.", "external_links": ["http://www.sec.gov/", "http://www.greatsouthernbank.com/", "http://www.prnewswire.com/news-releases/great-southern-bancorp-inc-announces-first-quarter-2018-preliminary-earnings-release-date-and-conference-call-300616093.html", "http://investors.greatsouthernbank.com/"], "published": "2018-03-19T21:43:00.000+02:00", "crawled": "2018-03-20T00:27:38.007+02:00", "highlightTitle": ""}